"date","close","volume","open","high","low"

"2016/07/29","16.6400","25980920.0000","16.3900","16.7400","16.2400"
"2016/07/28","16.3100","31421100.0000","15.8900","16.3400","15.8800"
"2016/07/27","15.7700","83048520.0000","16.3400","16.5900","15.6900"
"2016/07/26","18.4500","42891160.0000","18.5200","18.6500","18.1640"
"2016/07/25","18.6500","21407700.0000","18.4300","18.7000","18.1700"
"2016/07/22","18.3700","19614010.0000","18.1200","18.3893","17.7600"
"2016/07/21","18.3900","13922400.0000","18.5700","18.8000","18.3500"
"2016/07/20","18.5600","15020560.0000","18.5200","18.7600","18.4500"
"2016/07/19","18.3300","27264650.0000","18.5100","18.8950","18.2700"
"2016/07/18","18.6500","29697580.0000","18.2900","18.7500","18.0500"
"2016/07/15","18.0800","17361120.0000","17.9800","18.1800","17.8100"
"2016/07/14","17.9600","19546700.0000","18.0200","18.2800","17.9110"
"2016/07/13","17.7400","17913130.0000","18.2100","18.3200","17.5000"
"2016/07/12","18.1000","23773880.0000","17.9800","18.3800","17.9200"
"2016/07/11","17.7100","24027270.0000","17.5900","17.8800","17.5200"
"2016/07/08","18.0800","24845960.0000","17.5300","18.1649","17.4700"
"2016/07/07","17.3700","13438130.0000","17.2400","17.6750","17.2400"
"2016/07/06","17.2000","15656560.0000","17.0200","17.3400","16.8100"
"2016/07/05","17.1400","15699640.0000","17.2500","17.2800","16.7600"
"2016/07/01","17.2800","20712950.0000","16.9300","17.5000","16.9000"
"2016/06/30","16.9100","14096440.0000","16.8000","17.0000","16.7300"
"2016/06/29","16.8300","18206930.0000","16.6000","17.0100","16.4300"
"2016/06/28","16.4200","18660550.0000","16.2400","16.6400","16.1600"
"2016/06/27","15.8400","23505610.0000","16.2900","16.4000","15.4600"
"2016/06/24","16.4400","31502120.0000","16.2400","16.9000","16.2000"
"2016/06/23","17.0400","25181790.0000","16.3000","17.0700","16.2800"
"2016/06/22","16.1300","13719890.0000","16.2700","16.3200","16.0450"
"2016/06/21","16.3200","14997090.0000","16.4800","16.5600","16.1700"
"2016/06/20","16.3400","22836110.0000","16.3400","16.6400","16.1500"
"2016/06/17","16.1000","32207520.0000","16.1600","16.3689","15.9600"
"2016/06/16","15.8700","23597620.0000","15.9000","15.9500","15.4000"
"2016/06/15","15.9600","53448310.0000","15.7100","16.4400","15.7100"
"2016/06/14","15.3600","37268890.0000","14.8200","15.4200","14.8000"
"2016/06/13","14.5500","43037420.0000","14.6300","15.3000","14.5050"
"2016/06/10","14.0200","22059030.0000","14.4500","14.4500","14.0000"
"2016/06/09","14.6000","12350370.0000","14.8400","14.8595","14.5900"
"2016/06/08","14.9500","12955030.0000","15.0700","15.1200","14.8100"
"2016/06/07","15.0000","16483300.0000","15.3600","15.3700","14.9100"
"2016/06/06","15.2700","13753110.0000","15.2200","15.4500","15.1800"
"2016/06/03","15.2000","15484980.0000","15.1100","15.3489","14.9600"
"2016/06/02","15.2000","13177800.0000","15.0400","15.2600","14.8463"
"2016/06/01","15.0200","18238410.0000","15.1000","15.1700","14.6200"
"2016/05/31","15.2200","24287050.0000","15.1200","15.4900","15.0800"
"2016/05/27","15.1000","28335660.0000","14.2500","15.1000","14.2300"
"2016/05/26","14.3000","21101450.0000","14.4500","14.4800","14.1900"
"2016/05/25","14.4100","23175910.0000","14.0700","14.5700","14.0600"
"2016/05/24","14.0300","36203740.0000","14.2200","14.2200","13.7250"
"2016/05/23","14.4100","12896350.0000","14.4000","14.6000","14.3301"
"2016/05/20","14.4300","18485110.0000","14.2000","14.5100","14.1600"
"2016/05/19","14.1500","15876420.0000","14.1500","14.3050","14.0400"
"2016/05/18","14.1400","14256190.0000","14.3500","14.5700","14.0500"
"2016/05/17","14.3400","15571680.0000","14.2100","14.5900","14.1300"
"2016/05/16","14.2900","11561080.0000","14.0900","14.3700","14.0600"
"2016/05/13","14.1000","12696550.0000","14.0600","14.2800","14.0000"
"2016/05/12","14.0800","19828540.0000","14.6300","14.6800","14.0000"
"2016/05/11","14.5900","13777470.0000","14.6100","14.8600","14.4400"
"2016/05/10","14.6300","14578370.0000","14.1700","14.6900","14.1600"
"2016/05/09","14.2000","11448980.0000","14.2800","14.4700","14.1500"
"2016/05/06","14.4000","21194050.0000","14.1200","14.4000","13.9800"
"2016/05/05","14.1200","29058570.0000","14.9300","14.9800","14.0800"
"2016/05/04","14.8400","41644060.0000","13.9500","14.8780","13.9200"
"2016/05/03","14.0100","26012500.0000","14.2200","14.2500","13.9000"
"2016/05/02","14.4000","26115620.0000","14.7300","14.7700","14.1700"
"2016/04/29","14.6200","26859020.0000","14.7000","14.9300","14.3200"
"2016/04/28","14.6400","34738090.0000","14.8500","15.0900","14.6200"
"2016/04/27","14.8600","84705730.0000","15.1500","15.2800","14.8100"
"2016/04/26","17.7500","43206570.0000","17.2100","17.9800","17.0800"
"2016/04/25","17.0900","18962430.0000","17.2000","17.7500","16.8800"
"2016/04/22","17.2300","14848420.0000","17.3300","17.5100","17.0200"
"2016/04/21","17.5100","13584400.0000","17.4800","17.7700","17.4200"
"2016/04/20","17.4000","17737080.0000","16.9400","17.5200","16.9000"
"2016/04/19","16.9200","24776320.0000","17.3700","17.3900","16.6800"
"2016/04/18","17.3100","17271060.0000","17.7100","17.7200","17.0600"
"2016/04/15","17.5800","16344840.0000","17.5200","17.9100","17.3100"
"2016/04/14","17.5300","16206500.0000","17.3800","17.7000","17.1400"
"2016/04/13","17.3700","22629130.0000","16.6800","17.4000","16.6800"
"2016/04/12","16.5700","14924560.0000","16.5000","16.7700","16.1500"
"2016/04/11","16.5100","14175570.0000","16.7400","16.9800","16.4100"
"2016/04/08","16.6500","18671480.0000","17.1200","17.2500","16.4100"
"2016/04/07","16.9800","23293210.0000","16.8800","17.5900","16.8500"
"2016/04/06","17.2600","23107430.0000","17.1200","17.4800","16.9000"
"2016/04/05","17.0500","41582710.0000","17.5900","17.8300","16.8900"
"2016/04/04","17.0900","38173250.0000","16.0000","17.5403","15.9600"
"2016/04/01","15.9800","20973750.0000","16.4100","16.4300","15.8300"
"2016/03/31","16.5500","18871040.0000","16.4000","16.8400","16.2100"
"2016/03/30","16.3600","19356940.0000","16.1600","16.7200","16.0100"
"2016/03/29","15.9700","16967340.0000","15.6900","15.9900","15.3300"
"2016/03/28","15.6000","14119710.0000","15.9800","16.0050","15.4000"
"2016/03/24","15.9100","14870600.0000","15.9400","15.9880","15.5650"
"2016/03/23","16.0100","17952140.0000","16.8600","16.9100","16.0100"
"2016/03/22","16.8600","9556987.0000","16.7500","17.0100","16.7000"
"2016/03/21","16.8900","12550230.0000","16.8300","17.0500","16.6800"
"2016/03/18","16.8500","21150730.0000","17.0800","17.3800","16.7600"
"2016/03/17","16.8500","17041100.0000","16.6500","17.1470","16.6200"
"2016/03/16","16.7000","24746270.0000","16.3300","16.7700","16.1300"
"2016/03/15","16.1900","19641790.0000","17.0000","17.0400","16.1400"
"2016/03/14","17.1200","16514980.0000","16.8100","17.3200","16.7900"
"2016/03/11","16.8100","21481300.0000","16.7700","16.9400","16.4600"
"2016/03/10","16.6100","33165140.0000","17.6900","17.7719","16.3800"
"2016/03/09","17.6600","21536050.0000","18.6100","18.7400","17.5200"
"2016/03/08","18.3300","16378250.0000","19.1000","19.1500","18.3300"
"2016/03/07","19.1700","19720770.0000","19.1100","19.7300","18.7700"
"2016/03/04","19.3600","30083620.0000","19.4500","20.3200","19.0600"
"2016/03/03","19.3100","23226070.0000","18.5300","19.4400","18.4800"
"2016/03/02","18.5400","17193350.0000","17.8500","18.7400","17.7150"
"2016/03/01","17.8500","19313520.0000","18.4700","18.4800","17.5900"
"2016/02/29","18.1200","17380300.0000","17.9600","18.5700","17.7800"
"2016/02/26","17.9400","16335240.0000","17.7200","18.0300","17.4975"
"2016/02/25","17.5900","22349060.0000","17.9300","17.9500","17.3100"
"2016/02/24","18.0000","26664380.0000","18.0000","18.0900","17.1100"
"2016/02/23","18.3000","25747340.0000","18.5600","18.9600","18.1000"
"2016/02/22","18.3000","24985020.0000","18.6200","18.6750","17.7600"
"2016/02/19","18.3100","23990570.0000","18.1600","18.8800","17.7700"
"2016/02/18","18.4300","34519530.0000","18.1000","18.5500","17.5200"
"2016/02/17","17.4600","25659410.0000","16.4700","17.6000","16.4300"
"2016/02/16","16.3600","17264850.0000","16.0900","16.4000","15.6700"
"2016/02/12","15.8800","35602150.0000","14.5400","15.9400","14.5300"
"2016/02/11","14.3100","38568340.0000","14.0700","14.7900","13.9100"
"2016/02/10","14.9800","40222290.0000","14.5500","15.2800","14.5200"
"2016/02/09","14.4000","26768010.0000","14.6200","15.5450","14.3100"
"2016/02/08","14.9000","24917010.0000","15.5100","15.5500","14.7300"
"2016/02/05","15.7200","24036590.0000","16.6100","16.6400","15.6200"
"2016/02/04","16.9100","18231820.0000","16.4000","17.1750","16.2900"
"2016/02/03","16.5600","24284020.0000","16.3300","16.7400","15.5500"
"2016/02/02","16.0800","31754430.0000","17.2200","17.2700","16.0100"
"2016/02/01","17.9100","49938610.0000","17.8900","18.7700","17.3000"
"2016/01/29","16.8000","16869490.0000","16.6400","17.0700","16.5100"
"2016/01/28","16.4900","16805380.0000","17.2100","17.3400","16.4500"
"2016/01/27","16.7800","16719660.0000","17.0100","17.6200","16.7700"
"2016/01/26","17.0100","22090740.0000","17.2200","17.2800","16.4000"
"2016/01/25","17.0200","33623990.0000","16.8000","17.4500","16.5100"
"2016/01/22","17.8400","15558870.0000","18.2900","18.5600","17.7300"
"2016/01/21","17.8300","26328300.0000","17.4400","18.3200","16.8000"
"2016/01/20","17.3800","69053770.0000","16.1600","19.0400","15.4800"
"2016/01/19","16.6900","24179450.0000","18.1800","18.1800","16.4300"
"2016/01/15","17.9400","24305740.0000","18.2300","18.5300","17.6100"
"2016/01/14","19.0000","37097740.0000","18.5500","19.1600","17.2700"
"2016/01/13","18.6800","35820880.0000","19.7000","19.7600","18.4700"
"2016/01/12","19.6200","14574130.0000","19.8700","20.4100","19.3200"
"2016/01/11","19.6500","21302190.0000","20.1200","20.2000","19.2600"
"2016/01/08","19.9800","21786970.0000","20.5100","20.7200","19.6000"
"2016/01/07","20.2600","20707190.0000","21.0000","21.4800","20.1980"
"2016/01/06","21.3900","13962840.0000","21.6200","22.1800","21.1800"
"2016/01/05","21.9200","16912710.0000","22.7900","23.0000","21.8500"
"2016/01/04","22.5600","15299530.0000","22.6400","22.8400","22.1100"
"2015/12/31","23.1400","19466170.0000","22.1700","23.2800","22.1500"
"2015/12/30","22.2300","15285360.0000","22.4500","22.9400","22.2100"
"2015/12/29","22.4700","11188140.0000","22.6300","22.8200","22.3100"
"2015/12/28","22.5300","13715060.0000","22.9000","23.3200","22.5000"
"2015/12/24","22.9700","7910740.0000","22.7000","23.0600","22.5500"
"2015/12/23","22.6700","13137520.0000","22.6800","22.9500","22.3700"
"2015/12/22","22.5600","13683180.0000","22.2600","22.6700","22.0900"
"2015/12/21","22.1400","22873030.0000","23.0200","23.0400","21.9900"
"2015/12/18","22.9900","23010940.0000","23.3500","23.4400","22.6600"
"2015/12/17","23.3100","17813420.0000","24.4700","24.7500","23.2900"
"2015/12/16","24.3000","24051350.0000","23.9600","24.4800","23.8000"
"2015/12/15","23.9500","23069400.0000","24.5200","24.6900","23.7000"
"2015/12/14","24.9200","18066680.0000","24.6800","24.9400","23.7000"
"2015/12/11","24.8400","22967680.0000","25.9100","26.2000","24.8000"
"2015/12/10","25.9100","28097910.0000","24.3600","26.2500","24.3400"
"2015/12/09","24.3100","14672270.0000","24.9800","24.9800","24.1900"
"2015/12/08","24.9900","23612750.0000","24.0400","25.1000","23.5400"
"2015/12/07","24.4600","16841080.0000","24.9900","25.1600","24.1300"
"2015/12/04","25.0200","16772020.0000","25.8100","25.8500","25.0100"
"2015/12/03","25.9000","23832690.0000","25.4800","26.0600","24.9100"
"2015/12/02","25.4000","11822240.0000","25.3100","25.7200","25.1700"
"2015/12/01","25.5300","14767970.0000","25.3900","25.5800","25.0000"
"2015/11/30","25.4000","17597560.0000","25.7800","25.8200","25.0600"
"2015/11/27","25.7500","4179967.0000","25.9800","26.0700","25.6700"
"2015/11/25","26.0600","13047940.0000","25.6200","26.4099","25.5900"
"2015/11/24","25.5200","10370290.0000","25.1700","25.5500","25.0200"
"2015/11/23","25.2000","18126140.0000","26.1100","26.2700","25.0200"
"2015/11/20","26.2700","10789390.0000","26.3200","26.6950","26.0300"
"2015/11/19","26.3200","14203300.0000","25.9400","26.5800","25.9300"
"2015/11/18","25.9000","13925010.0000","25.1700","26.0901","25.1600"
"2015/11/17","25.2300","13240470.0000","25.5400","25.6900","24.9000"
"2015/11/16","25.4100","12228790.0000","25.3300","25.7756","25.0000"
"2015/11/13","25.1800","14258400.0000","25.8900","26.1600","25.1600"
"2015/11/12","26.1300","12537670.0000","26.0800","26.6100","25.8500"
"2015/11/11","26.5000","12704290.0000","27.0800","27.1400","26.3700"
"2015/11/10","27.0500","16522970.0000","26.8100","27.1700","26.2500"
"2015/11/09","27.0900","25592620.0000","28.0700","28.2100","26.6800"
"2015/11/06","28.2800","13558440.0000","28.5800","28.7000","28.0500"
"2015/11/05","28.6600","15507170.0000","29.4700","29.5500","28.4500"
"2015/11/04","29.3600","18752250.0000","29.3600","30.1500","29.2300"
"2015/11/03","29.1300","16676760.0000","29.0900","29.6300","29.0400"
"2015/11/02","29.2000","18512620.0000","28.5400","29.2900","28.0500"
"2015/10/30","28.4600","21906480.0000","29.1300","29.5700","28.3500"
"2015/10/29","29.0600","33469790.0000","30.5800","30.7000","28.9300"
"2015/10/28","30.8700","88894410.0000","28.1300","31.3400","27.7600"
"2015/10/27","31.3400","42258410.0000","31.0200","31.8700","30.6500"
"2015/10/26","30.8900","16747620.0000","30.6300","31.2200","30.4800"
"2015/10/23","30.2800","19816410.0000","29.9700","30.7200","29.6100"
"2015/10/22","29.1500","17390640.0000","29.2400","29.8000","28.7400"
"2015/10/21","29.3000","30698190.0000","29.5000","29.6600","28.6500"
"2015/10/20","30.9100","15787370.0000","30.9400","31.3900","30.4100"
"2015/10/19","30.9100","23914170.0000","31.1500","31.6000","30.5700"
"2015/10/16","31.1500","44338900.0000","30.0800","31.4000","29.3600"
"2015/10/15","29.7100","15799210.0000","29.4600","30.2800","29.0100"
"2015/10/14","29.3800","27502160.0000","29.4600","29.8200","28.3800"
"2015/10/13","29.0600","45741690.0000","29.5500","30.6800","28.8400"
"2015/10/12","28.7500","30550190.0000","30.3000","30.7700","28.6000"
"2015/10/09","30.8500","26819520.0000","30.9000","31.4100","30.2800"
"2015/10/08","30.3200","36380460.0000","29.5700","31.5000","29.0300"
"2015/10/07","29.8300","34703940.0000","28.3500","29.9500","28.0100"
"2015/10/06","27.6200","31274260.0000","28.1600","28.4000","26.7500"
"2015/10/05","28.1500","30894530.0000","26.9900","28.2500","26.3300"
"2015/10/02","26.3100","23430160.0000","24.5000","26.4800","24.3400"
"2015/10/01","24.6800","30871810.0000","26.4700","26.8400","24.6500"
"2015/09/30","26.9400","25378400.0000","25.9400","27.3300","25.8800"
"2015/09/29","25.5900","13398360.0000","25.2300","25.7600","24.9150"
"2015/09/28","25.2600","17416440.0000","24.9600","25.6100","24.6000"
"2015/09/25","25.2900","14538730.0000","26.8400","26.9100","25.1400"
"2015/09/24","26.6000","21296320.0000","26.5100","26.6400","25.3979"
"2015/09/23","26.7900","10816770.0000","26.9700","27.2800","26.5750"
"2015/09/22","26.8300","13434610.0000","27.0500","27.4800","26.6200"
"2015/09/21","27.3800","10468790.0000","27.9800","28.0900","27.1899"
"2015/09/18","27.9600","17477820.0000","27.0400","28.2500","26.9900"
"2015/09/17","27.4100","12854350.0000","27.5400","27.9300","27.0300"
"2015/09/16","27.7500","13279680.0000","27.1400","28.0000","27.0000"
"2015/09/15","27.1700","10112920.0000","27.0400","27.5500","27.0000"
"2015/09/14","26.9000","11520280.0000","27.2100","27.5500","26.7950"
"2015/09/11","27.3900","8790619.0000","27.6300","27.6500","27.1700"
"2015/09/10","27.7100","11224350.0000","27.0700","27.8300","26.9500"
"2015/09/09","27.1800","19322970.0000","27.1700","27.8500","26.4200"
"2015/09/08","27.1800","19165520.0000","28.1500","28.2000","27.0100"
"2015/09/04","28.1500","13484330.0000","27.9500","28.5500","27.8000"
"2015/09/03","28.3000","21294920.0000","28.0300","29.0000","27.8100"
"2015/09/02","27.8200","14366750.0000","27.4700","27.8250","26.8700"
"2015/09/01","27.0300","21071650.0000","27.2300","28.1166","26.7700"
"2015/08/31","27.7900","30678310.0000","27.6400","28.4900","27.3500"
"2015/08/28","26.8300","12367100.0000","26.1900","26.9300","26.0600"
"2015/08/27","26.4600","22418410.0000","25.4400","26.8000","25.2400"
"2015/08/26","25.0300","20489380.0000","24.8000","25.2900","23.8300"
"2015/08/25","24.3800","19823350.0000","26.2900","26.3300","24.3800"
"2015/08/24","25.1700","30065810.0000","23.6100","26.2300","21.0100"
"2015/08/21","25.8700","23615910.0000","25.6500","26.7350","25.5100"
"2015/08/20","26.0000","25132710.0000","27.1500","27.4800","25.9200"
"2015/08/19","27.6100","19931790.0000","28.0600","28.0900","27.1600"
"2015/08/18","28.3000","9589961.0000","28.9100","29.0000","28.3000"
"2015/08/17","29.0600","9525137.0000","29.1900","29.3400","28.9300"
"2015/08/14","29.0600","16595720.0000","28.5000","29.2690","28.4500"
"2015/08/13","28.5400","14886350.0000","29.6000","29.6000","28.4400"
"2015/08/12","29.3900","18535200.0000","29.1100","29.5000","28.5100"
"2015/08/11","29.6200","27789660.0000","29.0100","29.8900","28.5300"
"2015/08/10","29.5000","42380240.0000","28.0900","29.6300","27.8200"
"2015/08/07","27.0400","18338270.0000","27.8000","27.9000","26.8700"
"2015/08/06","27.5400","27538160.0000","28.4000","28.4300","27.2300"
"2015/08/05","28.4800","21172160.0000","29.4100","29.5000","28.4300"
"2015/08/04","29.3400","21790520.0000","29.1100","29.9000","28.9000"
"2015/08/03","29.2700","46558750.0000","30.8500","31.0900","28.6900"
"2015/07/31","31.0100","18117570.0000","31.3800","31.6200","30.8500"
"2015/07/30","31.4700","29370680.0000","31.1000","31.8300","31.0500"
"2015/07/29","31.2400","92736190.0000","32.5900","33.2400","31.0600"
"2015/07/28","36.5400","51802170.0000","34.7000","36.6700","34.1400"
"2015/07/27","34.7000","24553750.0000","35.1100","35.1500","33.8800"
"2015/07/24","35.4200","12963590.0000","36.4100","36.4100","35.3000"
"2015/07/23","36.1900","10383450.0000","36.0000","36.7300","35.9450"
"2015/07/22","36.0900","11731110.0000","36.2300","36.3730","35.5100"
"2015/07/21","36.6300","12487770.0000","35.8200","36.7500","35.7100"
"2015/07/20","35.8100","9874484.0000","35.7500","35.9900","35.2050"
"2015/07/17","35.6700","12785030.0000","36.4600","36.6600","35.6000"
"2015/07/16","36.1000","11309120.0000","35.8900","36.4500","35.7500"
"2015/07/15","35.6600","18246560.0000","36.6600","37.0900","35.5500"
"2015/07/14","36.7200","50021220.0000","35.7800","38.8200","35.7700"
"2015/07/13","35.7800","17090280.0000","34.9900","36.1400","34.7500"
"2015/07/10","34.9100","10624340.0000","34.6800","35.1200","34.4600"
"2015/07/09","34.3600","14009580.0000","35.1700","35.4300","34.3100"
"2015/07/08","34.7600","15472150.0000","35.4100","36.0500","34.6700"
"2015/07/07","35.5200","14173880.0000","35.3500","35.7200","34.5500"
"2015/07/06","35.4300","11288980.0000","35.1700","35.6900","35.0000"
"2015/07/02","35.7200","17636630.0000","35.4000","35.9700","35.1000"
"2015/07/01","35.4000","23662100.0000","36.0500","36.1100","35.2350"
"2015/06/30","36.2200","26035540.0000","34.5000","36.4200","34.4400"
"2015/06/29","34.2100","25169630.0000","34.4700","35.0899","34.1500"
"2015/06/26","35.2600","17293020.0000","34.9700","35.3300","34.6700"
"2015/06/25","35.1700","10726850.0000","35.3600","35.3600","34.9650"
"2015/06/24","35.1700","13006270.0000","35.4000","35.7500","35.1000"
"2015/06/23","35.3700","25867150.0000","35.7800","36.2000","34.9600"
"2015/06/22","35.5500","21383190.0000","35.9500","36.0000","35.3400"
"2015/06/19","35.8600","33384030.0000","34.9700","36.2800","34.8500"
"2015/06/18","34.6600","19421580.0000","34.6300","35.0400","34.4500"
"2015/06/17","34.6900","27223000.0000","34.9900","35.1200","34.1700"
"2015/06/16","34.8200","49686490.0000","34.2300","35.2000","33.5100"
"2015/06/15","34.6700","32811700.0000","35.2400","35.2600","34.3100"
"2015/06/12","35.9000","60832560.0000","36.9000","37.2500","35.5500"
"2015/06/11","35.8400","17365260.0000","35.9200","36.1700","35.7900"
"2015/06/10","35.8500","12620010.0000","36.0100","36.1700","35.6000"
"2015/06/09","35.8800","14010330.0000","36.5000","36.5000","35.5650"
"2015/06/08","36.4600","11735870.0000","36.9100","36.9800","36.4100"
"2015/06/05","37.0000","11812000.0000","36.7900","37.2300","36.6500"
"2015/06/04","36.7100","23712900.0000","37.1700","37.7900","36.5100"
"2015/06/03","37.0000","13929070.0000","36.5100","37.1700","36.4800"
"2015/06/02","36.4000","13103560.0000","36.4500","36.6000","36.1600"
"2015/06/01","36.6300","9973591.0000","36.6900","36.8300","36.4300"
"2015/05/29","36.6700","16818820.0000","37.0500","37.0700","36.5300"
"2015/05/28","36.8300","17887750.0000","36.4900","37.3300","36.3700"
"2015/05/27","36.4100","14449030.0000","36.5000","36.6528","36.1000"
"2015/05/26","36.5100","13033300.0000","36.6700","36.8300","36.3700"
"2015/05/22","36.6000","9836682.0000","36.7000","36.9765","36.5700"
"2015/05/21","36.6800","17428080.0000","36.8100","36.9400","36.3900"
"2015/05/20","36.7800","23330950.0000","37.4900","37.9400","36.5400"
"2015/05/19","37.5000","26910860.0000","37.1400","37.8800","36.9000"
"2015/05/18","37.2800","11221950.0000","37.1000","37.5700","36.9000"
"2015/05/15","37.1000","16780140.0000","37.3600","37.8000","37.0000"
"2015/05/14","37.3300","14212290.0000","37.9300","38.0900","37.2700"
"2015/05/13","37.7200","14053170.0000","37.6600","38.2000","37.5300"
"2015/05/12","37.4800","11755950.0000","37.2900","37.8000","37.0600"
"2015/05/11","37.3100","12287830.0000","37.5800","37.8590","37.2000"
"2015/05/08","37.5900","14352100.0000","38.0200","38.2000","37.5500"
"2015/05/07","37.7100","21217270.0000","37.2400","37.8800","36.9500"
"2015/05/06","37.2600","29038670.0000","37.6900","37.7800","36.5200"
"2015/05/05","37.4200","22560090.0000","38.0000","38.6100","37.3600"
"2015/05/04","37.8800","27588050.0000","38.7200","38.9600","37.5500"
"2015/05/01","37.8400","37603400.0000","39.1900","39.2400","37.3700"
"2015/04/30","38.9600","46579280.0000","39.2800","39.7400","38.4800"
"2015/04/29","38.4900","120201400.0000","40.2100","41.0900","38.0700"
"2015/04/28","42.2700","73809120.0000","52.1600","52.2190","38.3800"
"2015/04/27","51.6600","23760310.0000","50.8400","52.5400","50.8200"
"2015/04/24","50.8200","14718980.0000","51.8500","51.9600","50.2400"
"2015/04/23","51.4100","11441170.0000","51.8700","52.2000","51.2200"
"2015/04/22","51.7300","11436740.0000","51.4800","52.0900","51.3200"
"2015/04/21","51.3200","8435636.0000","51.6800","51.8500","51.1000"
"2015/04/20","51.4000","10984820.0000","51.0700","51.4800","50.5100"
"2015/04/17","50.6600","16585730.0000","51.7100","52.1600","50.1900"
"2015/04/16","52.0300","14282730.0000","51.3000","52.3400","51.1400"
"2015/04/15","51.3000","13167660.0000","51.3300","51.8700","50.9100"
"2015/04/14","51.2000","12206160.0000","51.7500","51.8100","50.6800"
"2015/04/13","51.6200","12249160.0000","51.9900","52.2900","51.4500"
"2015/04/10","51.9400","13235770.0000","52.2900","52.4500","51.3800"
"2015/04/09","52.1700","17841510.0000","52.1500","52.9900","51.5400"
"2015/04/08","52.3000","22324090.0000","53.3200","53.4900","51.9500"
"2015/04/07","52.8700","36804430.0000","51.0100","53.2800","50.8600"
"2015/04/06","50.8400","14513850.0000","50.0300","51.1600","49.8700"
"2015/04/02","50.4200","13390950.0000","50.6400","50.9500","49.8800"
"2015/04/01","50.4700","24261140.0000","51.0000","51.6900","50.1700"
"2015/03/31","50.0800","23847940.0000","49.6200","51.2400","49.5400"
"2015/03/30","49.8900","20337270.0000","50.4500","50.7100","48.6600"
"2015/03/27","50.0100","14819460.0000","50.3500","50.8900","49.9400"
"2015/03/26","49.9200","24340130.0000","49.6500","50.9000","49.4000"
"2015/03/25","49.5000","31639710.0000","51.5000","51.8700","49.3100"
"2015/03/24","51.4700","37878390.0000","48.6700","51.7900","48.5400"
"2015/03/23","48.4600","16376790.0000","48.2400","49.2500","47.8700"
"2015/03/20","48.4400","18623660.0000","48.3600","49.1500","48.2500"
"2015/03/19","47.9300","15934700.0000","46.9600","48.1500","46.4500"
"2015/03/18","47.2000","13087930.0000","46.7500","47.3850","46.1600"
"2015/03/17","46.9300","13344300.0000","46.6600","47.2900","46.4400"
"2015/03/16","46.4300","10218910.0000","46.9000","47.0700","46.0500"
"2015/03/13","46.6600","13341050.0000","46.9400","47.7200","46.4520"
"2015/03/12","47.0700","12183780.0000","46.5700","47.3200","46.5100"
"2015/03/11","46.2700","12248910.0000","45.6600","46.7400","45.1300"
"2015/03/10","45.8400","17240300.0000","47.2300","47.2600","45.7900"
"2015/03/09","47.5900","13608810.0000","47.2200","48.0800","47.1300"
"2015/03/06","46.7500","11484480.0000","47.2600","48.0700","46.5700"
"2015/03/05","47.3500","13479880.0000","47.5900","48.4300","47.2000"
"2015/03/04","47.5700","14274100.0000","47.5100","47.8500","46.4100"
"2015/03/03","47.7100","16666610.0000","48.1300","48.8000","47.4350"
"2015/03/02","48.1500","13416780.0000","48.2600","48.3000","47.3100"
"2015/02/27","48.0800","14983310.0000","49.1900","49.9000","47.9600"
"2015/02/26","49.4100","22306630.0000","48.8100","50.0100","48.6400"
"2015/02/25","48.5500","11635700.0000","48.8000","49.1800","48.2500"
"2015/02/24","48.6900","11052000.0000","48.3300","49.3000","48.0600"
"2015/02/23","48.4700","12491750.0000","49.0200","49.2400","48.3500"
"2015/02/20","49.1100","20678590.0000","48.7600","49.8800","48.6500"
"2015/02/19","48.7000","18139170.0000","47.8400","48.9400","47.4200"
"2015/02/18","47.8200","15493030.0000","48.0000","48.7900","47.3600"
"2015/02/17","48.0300","16657110.0000","48.2000","49.0900","47.8900"
"2015/02/13","48.5000","20793300.0000","47.9300","48.8200","47.5700"
"2015/02/12","47.9500","23062770.0000","47.9800","48.4500","46.8800"
"2015/02/11","47.5000","24689160.0000","46.2700","47.7800","46.1100"
"2015/02/10","46.2600","32226920.0000","47.3500","47.3900","45.5700"
"2015/02/09","47.3200","36088290.0000","46.7300","47.6900","46.5000"
"2015/02/06","48.0100","102867100.0000","46.1200","48.5000","45.8000"
"2015/02/05","41.2600","59950640.0000","42.0400","43.7900","40.9100"
"2015/02/04","40.7200","23061050.0000","40.0500","40.8300","39.8200"
"2015/02/03","39.7900","28296020.0000","38.0000","40.1900","37.6910"
"2015/02/02","37.4600","13879910.0000","37.7000","38.0700","36.9200"
"2015/01/30","37.5300","15370400.0000","36.6500","38.1500","36.4100"
"2015/01/29","36.6800","20000450.0000","37.3900","37.5700","36.0700"
"2015/01/28","37.1500","22270280.0000","38.4300","38.7800","37.0300"
"2015/01/27","38.9200","15719590.0000","39.5600","39.6100","38.3770"
"2015/01/26","40.1000","13815680.0000","39.3300","40.1300","39.0400"
"2015/01/23","39.4200","16427630.0000","39.4800","39.9700","38.7800"
"2015/01/22","39.0700","20409850.0000","37.9800","39.2500","37.5500"
"2015/01/21","37.8300","12161440.0000","37.6500","38.2700","37.3300"
"2015/01/20","37.5700","17570050.0000","37.5900","38.1400","36.5400"
"2015/01/16","37.3100","14951880.0000","37.1800","38.1300","36.8500"
"2015/01/15","36.9300","22921980.0000","39.7000","39.7000","36.8600"
"2015/01/14","39.8500","16015460.0000","38.8900","40.1800","38.8000"
"2015/01/13","39.6500","18375060.0000","39.7400","40.3500","39.2300"
"2015/01/12","39.3700","27577740.0000","40.2800","40.9500","39.3000"
"2015/01/09","40.1700","24668210.0000","39.2200","40.3400","38.2550"
"2015/01/08","39.0900","19036600.0000","37.4200","39.1900","37.0900"
"2015/01/07","37.2800","22636580.0000","39.1000","39.1000","37.0600"
"2015/01/06","38.7600","32966940.0000","36.2700","39.4500","36.0400"
"2015/01/05","36.3800","15020050.0000","36.2600","37.1100","35.6400"
"2015/01/02","36.5600","12008030.0000","36.2300","36.7400","35.5401"
"2014/12/31","35.8700","17637920.0000","35.8900","36.4900","35.4700"
"2014/12/30","35.8600","19457130.0000","36.0200","36.2390","35.4600"
"2014/12/29","36.4200","13540790.0000","37.3900","37.5100","36.3800"
"2014/12/26","37.6000","7311641.0000","37.7600","38.1000","37.5400"
"2014/12/24","37.6100","6263320.0000","37.6700","38.3500","37.5600"
"2014/12/23","37.5700","16848500.0000","38.5800","39.2500","37.4600"
"2014/12/22","38.4300","20047030.0000","37.5000","38.8200","37.3100"
"2014/12/19","37.0800","16005380.0000","36.7000","37.4500","36.5000"
"2014/12/18","36.7300","19075580.0000","36.1300","37.2700","35.9500"
"2014/12/17","35.5700","18525850.0000","35.5600","35.9000","34.9500"
"2014/12/16","35.1300","19181720.0000","36.5000","36.7100","35.0900"
"2014/12/15","36.8500","16799550.0000","38.1300","38.3800","36.7300"
"2014/12/12","37.1000","15201550.0000","36.3100","37.7100","36.1000"
"2014/12/11","36.7000","15699590.0000","36.4500","37.2300","36.2500"
"2014/12/10","36.3500","16477340.0000","36.9100","37.7800","36.2500"
"2014/12/09","37.0500","20473340.0000","34.9700","37.0900","34.6200"
"2014/12/08","36.2900","30052710.0000","38.0800","38.1200","35.7500"
"2014/12/05","38.4900","12530850.0000","38.9700","39.0700","38.3500"
"2014/12/04","38.7900","13017620.0000","38.8000","39.6600","38.6200"
"2014/12/03","39.0600","13206740.0000","39.0000","39.4200","38.3800"
"2014/12/02","38.9100","16412220.0000","39.4000","39.4000","38.3300"
"2014/12/01","39.0400","22099040.0000","41.2900","41.2900","39.0000"
"2014/11/28","41.7400","11113910.0000","41.0900","42.0800","40.8300"
"2014/11/26","41.1300","23770820.0000","39.8300","41.5600","39.7400"
"2014/11/25","39.7600","16136120.0000","40.1200","40.3000","39.5600"
"2014/11/24","40.1900","15145970.0000","39.9900","40.4700","39.5800"
"2014/11/21","40.0300","12042670.0000","40.2500","40.2800","39.8000"
"2014/11/20","39.8100","13701700.0000","39.4900","40.5500","39.3200"
"2014/11/19","39.7100","18987510.0000","40.3500","40.4700","39.2100"
"2014/11/18","40.6100","18586380.0000","40.6900","41.1700","39.9500"
"2014/11/17","40.4700","20614710.0000","41.4600","41.6800","40.4100"
"2014/11/14","41.8500","32997700.0000","40.0200","41.8500","39.7700"
"2014/11/13","40.0400","67136830.0000","43.5500","43.9500","39.9500"
"2014/11/12","42.5400","51555590.0000","39.9400","42.9400","39.6000"
"2014/11/11","39.5900","19176640.0000","39.3100","39.8400","38.8100"
"2014/11/10","39.5900","19023540.0000","40.3400","40.6900","39.4200"
"2014/11/07","40.3100","18534950.0000","40.7400","40.7400","39.7000"
"2014/11/06","40.8400","16265730.0000","40.1900","41.3500","40.1000"
"2014/11/05","40.3700","19688030.0000","41.6900","41.8000","40.1300"
"2014/11/04","40.9000","19510480.0000","40.0250","41.1000","39.7500"
"2014/11/03","40.2100","31382780.0000","40.5500","41.2000","40.1600"
"2014/10/31","41.4700","23855860.0000","42.6900","42.8500","41.3400"
"2014/10/30","41.8000","41978120.0000","41.5600","42.4800","39.9400"
"2014/10/29","42.0800","40069110.0000","43.8500","44.1600","41.8100"
"2014/10/28","43.7800","82900690.0000","42.2500","44.5800","41.7600"
"2014/10/27","48.5600","49986800.0000","50.0200","50.2400","47.1814"
"2014/10/24","49.9500","11978220.0000","50.1600","50.1900","49.1500"
"2014/10/23","49.6700","23068530.0000","50.1300","50.4000","49.2000"
"2014/10/22","49.0800","26109360.0000","51.1300","51.8400","49.0000"
"2014/10/21","50.6300","21304810.0000","51.7600","52.1500","50.3000"
"2014/10/20","50.7000","17734980.0000","49.0700","50.8900","48.8000"
"2014/10/17","48.7700","24610410.0000","49.7200","50.2500","48.6500"
"2014/10/16","48.2300","30783250.0000","48.3400","49.8200","47.1700"
"2014/10/15","49.9900","34350470.0000","47.1100","50.5200","46.3800"
"2014/10/14","48.5800","29674490.0000","49.0600","49.5300","47.0800"
"2014/10/13","48.4900","35261220.0000","50.5400","51.9100","48.2600"
"2014/10/10","50.4000","46676420.0000","54.5700","55.6600","50.3000"
"2014/10/09","55.2900","29720550.0000","55.2900","55.9900","54.9200"
"2014/10/08","55.4200","31022330.0000","53.6200","55.6684","52.6000"
"2014/10/07","53.5300","26015500.0000","53.1200","54.9900","53.1000"
"2014/10/06","53.4900","19982150.0000","53.9400","54.4500","53.2260"
"2014/10/03","53.9400","31178810.0000","52.7500","54.7300","52.1100"
"2014/10/02","51.8500","27006990.0000","51.0300","52.1000","50.0100"
"2014/10/01","50.0600","24721560.0000","51.0800","51.2900","49.1500"
"2014/09/30","51.5800","12256970.0000","52.0000","52.1900","51.1700"
"2014/09/29","51.7400","15373400.0000","51.0900","52.1800","50.8800"
"2014/09/26","51.8900","14088370.0000","51.9700","52.6100","51.7000"
"2014/09/25","51.4500","21017320.0000","52.7100","53.2300","51.2700"
"2014/09/24","52.9600","17641410.0000","52.5500","53.3400","52.1300"
"2014/09/23","52.1700","19973990.0000","51.4600","52.5600","51.0200"
"2014/09/22","51.9400","21700500.0000","52.3800","52.9000","51.3600"
"2014/09/19","53.0000","38138210.0000","50.7800","53.0000","50.1800"
"2014/09/18","50.8800","22452020.0000","50.9700","51.8800","50.5300"
"2014/09/17","50.7000","22840670.0000","50.9700","51.6000","50.1612"
"2014/09/16","50.8300","26701930.0000","48.7000","50.9100","48.4000"
"2014/09/15","49.3800","38300690.0000","51.6000","51.9270","47.5600"
"2014/09/12","52.1100","22908750.0000","52.5500","52.8200","52.0200"
"2014/09/11","52.6400","38040610.0000","52.5500","53.6400","52.1800"
"2014/09/10","52.9100","37769350.0000","52.1100","53.3300","51.8500"
"2014/09/09","50.6100","24994200.0000","52.2300","52.4000","50.2200"
"2014/09/08","52.0000","30794140.0000","51.8000","52.6800","51.6800"
"2014/09/05","50.7000","20225200.0000","50.0900","50.8800","49.5200"
"2014/09/04","50.2400","24389720.0000","49.6900","50.8600","49.2200"
"2014/09/03","49.3300","34351630.0000","51.8300","51.8500","49.0500"
"2014/09/02","51.0200","28188390.0000","50.0200","51.3400","49.9000"
"2014/08/29","49.7500","31908600.0000","49.8900","50.3500","49.1300"
"2014/08/28","49.4300","35018420.0000","47.9800","49.8800","47.8600"
"2014/08/27","48.0600","26106440.0000","48.2400","48.4600","47.1800"
"2014/08/26","48.1700","27535010.0000","46.1000","48.2000","46.0400"
"2014/08/25","46.1000","17540070.0000","46.2200","46.3600","45.7000"
"2014/08/22","45.9800","19406450.0000","45.0400","46.1400","44.8000"
"2014/08/21","45.1100","10596320.0000","45.2900","45.3500","44.8400"
"2014/08/20","45.0600","10366960.0000","44.9300","45.2100","44.7600"
"2014/08/19","45.0900","11873130.0000","45.2400","45.4500","45.0290"
"2014/08/18","45.1200","14808400.0000","45.0600","45.3300","44.7700"
"2014/08/15","44.7600","17770130.0000","45.4700","45.5000","44.4400"
"2014/08/14","45.3300","23590470.0000","44.4000","45.3400","44.0436"
"2014/08/13","44.1500","16131870.0000","44.1200","44.3400","43.6200"
"2014/08/12","43.8100","29498070.0000","44.3800","44.7200","43.6100"
"2014/08/11","43.2700","18372800.0000","43.4800","43.6000","42.7100"
"2014/08/08","43.1300","14965760.0000","43.0200","43.3600","42.5100"
"2014/08/07","43.0000","25367840.0000","43.3700","44.3700","42.8900"
"2014/08/06","43.4600","20328030.0000","43.3900","44.0400","42.7500"
"2014/08/05","43.8300","26357190.0000","43.2500","44.4800","43.0200"
"2014/08/04","43.4700","22379340.0000","43.7000","44.5300","43.4400"
"2014/08/01","44.1300","37146370.0000","45.0100","45.5400","43.8100"
"2014/07/31","45.1900","47101440.0000","44.6200","45.8400","44.3000"
"2014/07/30","46.3000","116050500.0000","47.0100","48.0000","45.6500"
"2014/07/29","38.5900","61034530.0000","38.1100","38.9200","37.9900"
"2014/07/28","37.9300","16692600.0000","38.3000","38.4400","37.5600"
"2014/07/25","38.1600","15936780.0000","38.2000","38.8000","38.0200"
"2014/07/24","38.7100","22066610.0000","38.7100","39.0000","37.8500"
"2014/07/23","37.7500","13078060.0000","37.6500","38.1900","37.5600"
"2014/07/22","37.6500","16817820.0000","38.3100","38.6000","37.4500"
"2014/07/21","38.0500","19633650.0000","37.2300","38.2900","36.8500"
"2014/07/18","37.0500","26340350.0000","36.8100","37.0800","35.9500"
"2014/07/17","36.8700","22607130.0000","36.8000","37.1700","36.3800"
"2014/07/16","37.4300","19681380.0000","38.3100","38.5200","37.1000"
"2014/07/15","37.8800","24613950.0000","38.5900","38.9900","37.6200"
"2014/07/14","38.3100","19644590.0000","38.5700","39.3780","38.2000"
"2014/07/11","38.3300","21053330.0000","38.1500","38.7900","38.0000"
"2014/07/10","37.8400","26533110.0000","36.4900","38.1000","36.1100"
"2014/07/09","38.0600","26799690.0000","37.8200","38.3500","37.3500"
"2014/07/08","37.4100","49907430.0000","39.9600","40.0400","36.8400"
"2014/07/07","40.2300","21367560.0000","41.0800","41.4544","40.1400"
"2014/07/03","41.3300","15795100.0000","41.9400","42.0000","40.8250"
"2014/07/02","41.7700","24349150.0000","42.8300","42.8300","41.4200"
"2014/07/01","42.0500","35981520.0000","42.0600","42.9500","41.9100"
"2014/06/30","40.9700","22747480.0000","40.8100","41.3400","40.3500"
"2014/06/27","40.9300","48248930.0000","40.7000","41.1500","40.1100"
"2014/06/26","41.4400","45266100.0000","40.0500","42.0000","39.8100"
"2014/06/25","39.4600","25412380.0000","38.2400","39.5900","38.0100"
"2014/06/24","38.4800","24420880.0000","39.4400","39.6400","38.2550"
"2014/06/23","39.5200","22560100.0000","39.0700","39.5800","38.7300"
"2014/06/20","39.2400","41462900.0000","38.8200","39.2400","37.7727"
"2014/06/19","38.9000","24616840.0000","38.7300","39.3000","38.3200"
"2014/06/18","38.7400","23653430.0000","38.1600","38.8300","37.7500"
"2014/06/17","38.0200","30297590.0000","38.0300","38.5500","37.2980"
"2014/06/16","38.0200","29787120.0000","36.7000","38.1700","36.4400"
"2014/06/13","36.9000","29098970.0000","36.8500","37.2500","35.9000"
"2014/06/12","36.7900","58051950.0000","35.0600","37.2700","35.0600"
"2014/06/11","35.5400","29978670.0000","35.0700","35.9700","34.9300"
"2014/06/10","35.3700","36496330.0000","34.7300","35.5000","34.6600"
"2014/06/09","34.4700","23331520.0000","33.2400","34.5500","33.0900"
"2014/06/06","33.3300","23335620.0000","34.1400","34.4100","33.2200"
"2014/06/05","33.8900","40861070.0000","33.6700","34.8900","33.1120"
"2014/06/04","32.9000","24839090.0000","32.4900","33.3200","31.8500"
"2014/06/03","32.5800","19898330.0000","31.7300","32.6900","31.6500"
"2014/06/02","31.7500","31152390.0000","32.8900","33.2000","31.6200"
"2014/05/30","32.4400","40554390.0000","33.7300","33.8600","32.1100"
"2014/05/29","34.0000","53951170.0000","34.6700","35.1400","33.8800"
"2014/05/28","33.7700","60205450.0000","31.5000","33.8400","31.0900"
"2014/05/27","30.5100","25181850.0000","30.9400","31.2000","30.3800"
"2014/05/23","30.5000","27375520.0000","31.5100","31.6800","30.4500"
"2014/05/22","31.5200","35531140.0000","31.3300","32.2500","30.5200"
"2014/05/21","31.7500","15538680.0000","31.8500","31.9500","31.1500"
"2014/05/20","31.7700","16562780.0000","32.0000","32.3900","31.5200"
"2014/05/19","32.0700","15923890.0000","32.0500","32.4400","31.6400"
"2014/05/16","32.2600","21365850.0000","32.9500","33.2100","32.0200"
"2014/05/15","32.7700","22001560.0000","33.0200","33.2900","32.1600"
"2014/05/14","32.8500","20017750.0000","33.3500","33.8300","32.6200"
"2014/05/13","33.3900","24654210.0000","33.8400","34.0600","32.8900"
"2014/05/12","33.9400","34607180.0000","33.0800","34.1000","32.4000"
"2014/05/09","32.0500","31846320.0000","32.2300","33.1100","31.7500"
"2014/05/08","31.9600","51248570.0000","31.4800","32.9800","31.1300"
"2014/05/07","30.6600","68773920.0000","31.9700","32.0000","29.5100"
"2014/05/06","31.8500","134518400.0000","35.6100","36.1000","31.7200"
"2014/05/05","38.7500","10368880.0000","38.5200","39.6000","38.0500"
"2014/05/02","39.0200","12707680.0000","39.2000","39.8600","38.7000"
"2014/05/01","39.0900","15735090.0000","39.0100","40.7700","38.9660"
"2014/04/30","38.9700","38327470.0000","37.6600","38.9800","37.2400"
"2014/04/29","42.6200","27144790.0000","40.5300","43.9700","40.1750"
"2014/04/28","40.7300","14340640.0000","41.7600","42.3500","39.3000"
"2014/04/25","41.6100","13687620.0000","44.2900","44.4400","41.3100"
"2014/04/24","44.8200","11011660.0000","46.7100","46.7900","43.6300"
"2014/04/23","45.9500","7331305.0000","45.8800","46.1700","44.8700"
"2014/04/22","46.0200","6995416.0000","46.2300","47.0900","45.8000"
"2014/04/21","46.1300","6917782.0000","44.9600","46.3000","44.6400"
"2014/04/17","45.0100","12303770.0000","44.6600","46.5500","43.9100"
"2014/04/16","44.4200","13881530.0000","45.4200","45.5600","43.5400"
"2014/04/15","45.5200","24206710.0000","41.2800","45.5500","40.7600"
"2014/04/14","40.8700","10411290.0000","41.4000","41.9500","40.1200"
"2014/04/11","40.0500","9984660.0000","40.7900","41.1000","39.6800"
"2014/04/10","41.3400","10698320.0000","42.8500","43.2500","40.9300"
"2014/04/09","42.4900","14306210.0000","42.2300","43.0600","41.7700"
"2014/04/08","41.7800","14451030.0000","43.4200","43.4200","41.5500"
"2014/04/07","42.4500","12010420.0000","42.8700","44.6000","42.2600"
"2014/04/04","43.1400","13824340.0000","44.2000","44.8700","42.3700"
"2014/04/03","44.0500","11152770.0000","45.4800","45.6100","43.3800"
"2014/04/02","45.7300","7881871.0000","47.4000","47.4400","45.5100"
"2014/04/01","46.9800","6886656.0000","46.7100","47.5900","46.1800"
"2014/03/31","46.6700","5778571.0000","47.5500","47.7500","46.4300"
"2014/03/28","47.3000","9574479.0000","46.6500","47.3400","45.7000"
"2014/03/27","46.3200","15457460.0000","45.0900","46.4000","43.3100"
"2014/03/26","44.4300","16078590.0000","48.0600","48.3000","44.2500"
"2014/03/25","47.8800","8207785.0000","49.3500","49.7000","47.5800"
"2014/03/24","48.7700","12310390.0000","50.6900","50.9400","47.7700"
"2014/03/21","50.9200","11801330.0000","50.2400","50.9200","49.5100"
"2014/03/20","50.1200","10049700.0000","51.0000","51.6600","49.6400"
"2014/03/19","51.2400","7610817.0000","50.8000","51.9800","50.7100"
"2014/03/18","51.1300","12189730.0000","52.0300","52.2100","50.2900"
"2014/03/17","52.0500","6584383.0000","52.0800","52.4900","51.3500"
"2014/03/14","51.9200","9538225.0000","53.4000","53.9100","51.8000"
"2014/03/13","53.5700","7653567.0000","54.9000","55.4500","53.2000"
"2014/03/12","54.5000","5818396.0000","54.2500","55.3000","53.8800"
"2014/03/11","54.0200","11762560.0000","54.1600","55.8400","53.8000"
"2014/03/10","53.8800","5759362.0000","54.0900","54.5900","53.3800"
"2014/03/07","53.5300","7311477.0000","55.1800","55.2000","53.3100"
"2014/03/06","54.8300","9005655.0000","54.9100","56.0900","54.7000"
"2014/03/05","54.3800","5671998.0000","54.5300","55.0300","53.7500"
"2014/03/04","54.2800","6706336.0000","54.2500","55.2800","54.1200"
"2014/03/03","53.7100","9602292.0000","53.8900","54.4000","52.9000"
"2014/02/28","54.9100","8137159.0000","55.9300","56.0000","54.1300"
"2014/02/27","55.7700","6537524.0000","56.3400","56.6900","55.4000"
"2014/02/26","55.8700","12115990.0000","55.0000","56.9900","54.9000"
"2014/02/25","54.9600","9288525.0000","55.8900","55.9500","54.5000"
"2014/02/24","55.7800","8473932.0000","56.0300","56.4900","55.3000"
"2014/02/21","55.9200","7714204.0000","57.1000","57.2000","55.7000"
"2014/02/20","56.6300","12096450.0000","55.8200","57.0800","54.6500"
"2014/02/19","55.5000","25770050.0000","58.4700","58.9500","54.6200"
"2014/02/18","58.1800","10719550.0000","57.8800","58.6400","56.7700"
"2014/02/14","57.4400","12583750.0000","57.0200","57.8600","56.7000"
"2014/02/13","56.4700","26009480.0000","56.0700","58.9800","55.4600"
"2014/02/12","56.8500","20039930.0000","55.0500","57.0000","54.7600"
"2014/02/11","54.0000","13162390.0000","53.2000","54.4000","53.1000"
"2014/02/10","52.9200","15857100.0000","54.5000","54.5900","52.3400"
"2014/02/07","54.3500","32299710.0000","51.2300","54.9200","50.7500"
"2014/02/06","50.0300","64854320.0000","50.6100","53.9000","49.9900"
"2014/02/05","65.9700","31488550.0000","67.1600","67.2400","64.8000"
"2014/02/04","66.3200","13016760.0000","66.2500","66.3700","64.5000"
"2014/02/03","65.2500","17888790.0000","65.9200","66.4800","64.2100"
"2014/01/31","64.5000","15498450.0000","63.3900","65.3700","62.6500"
"2014/01/30","63.4700","17422890.0000","63.9800","65.2400","62.8000"
"2014/01/29","59.4500","9135393.0000","59.6200","60.9500","58.6000"
"2014/01/28","60.4400","9346575.0000","57.4400","60.8500","57.3500"
"2014/01/27","57.9100","18980340.0000","61.7700","61.7700","56.1000"
"2014/01/24","61.7400","13011210.0000","62.1700","63.6200","61.3000"
"2014/01/23","62.8000","10183720.0000","61.4500","62.8100","60.8800"
"2014/01/22","62.4400","12038980.0000","63.1100","63.8000","61.7600"
"2014/01/21","62.5300","13730440.0000","63.3300","63.4400","61.5000"
"2014/01/17","62.2000","28390630.0000","63.6000","64.6900","61.5900"
"2014/01/16","60.5700","16573950.0000","61.4500","62.4000","60.4600"
"2014/01/15","61.5700","21537310.0000","59.1100","61.7500","58.3200"
"2014/01/14","58.2100","14777910.0000","58.8800","59.0200","57.3600"
"2014/01/13","57.8200","20976730.0000","59.9800","60.3800","57.2940"
"2014/01/10","57.0000","22375810.0000","57.5000","58.7600","55.8700"
"2014/01/09","57.0500","31092030.0000","59.5400","60.8100","55.5900"
"2014/01/08","59.2900","27263200.0000","58.7100","61.2600","57.9200"
"2014/01/07","61.4600","31746390.0000","67.6700","67.7300","61.3900"
"2014/01/06","66.2900","27242900.0000","64.8300","66.8700","63.5000"
"2014/01/03","69.0000","33206170.0000","69.0000","70.4300","68.4320"
"2014/01/02","67.5000","29246310.0000","65.0000","67.5000","64.4000"
"2013/12/31","63.6500","27814470.0000","62.3600","65.2200","61.6500"
"2013/12/30","60.5100","55452040.0000","60.2700","63.7100","58.5700"
"2013/12/27","63.7500","60296570.0000","70.1000","71.2500","63.6900"
"2013/12/26","73.3100","82707430.0000","72.8800","74.7300","69.1301"
"2013/12/24","69.9600","35802700.0000","66.3400","70.8700","65.5600"
"2013/12/23","64.5400","22076450.0000","59.8500","64.9900","59.7000"
"2013/12/20","60.0100","26159040.0000","58.5100","60.2500","58.0100"
"2013/12/19","57.4900","13151540.0000","55.0800","57.7500","55.0000"
"2013/12/18","55.5100","16618730.0000","57.0000","57.0000","54.2300"
"2013/12/17","56.4500","22038360.0000","56.9700","57.3800","54.6200"
"2013/12/16","56.6100","39270550.0000","57.8600","60.2400","55.7600"
"2013/12/13","59.0000","38912540.0000","56.2000","59.4100","55.4500"
"2013/12/12","55.3300","23395440.0000","52.2000","55.8700","50.6900"
"2013/12/11","52.3400","26554680.0000","52.4000","53.8700","51.0000"
"2013/12/10","51.9900","25743160.0000","48.9000","52.5800","48.7000"
"2013/12/09","49.1400","17302560.0000","45.5900","49.8400","45.0200"
"2013/12/06","44.9500","6229962.0000","45.7500","45.8000","44.5400"
"2013/12/05","45.6200","11729440.0000","43.4500","46.3500","42.8300"
"2013/12/04","43.6900","11014430.0000","41.2700","43.9200","41.2700"
"2013/12/03","41.3700","5770293.0000","40.6900","41.6000","40.5400"
"2013/12/02","40.7800","6423855.0000","41.7900","42.0000","40.4000"
"2013/11/29","41.5700","4107074.0000","41.4000","41.5800","40.9000"
"2013/11/27","40.9000","5535067.0000","40.4700","41.4000","40.3500"
"2013/11/26","40.1800","9825541.0000","39.1600","40.5500","38.9200"
"2013/11/25","39.0600","14325520.0000","41.0800","41.1400","38.8000"
"2013/11/22","41.0000","6178980.0000","41.8100","42.2800","40.9700"
"2013/11/21","42.0600","8320828.0000","41.2500","42.4900","40.3700"
"2013/11/20","41.0500","5765880.0000","41.4000","41.7500","40.5100"
"2013/11/19","41.7500","7428051.0000","41.3900","41.9000","40.0000"
"2013/11/18","41.1400","12801970.0000","43.5000","43.9500","40.8500"
"2013/11/15","43.9800","8005241.0000","45.2500","45.2700","43.4300"
"2013/11/14","44.6900","11087940.0000","42.3400","45.6700","42.2400"
"2013/11/13","42.6000","8673748.0000","41.0300","42.8700","40.7600"
"2013/11/12","41.9000","6314692.0000","43.6600","43.7800","41.8300"
"2013/11/11","42.9000","16105870.0000","40.5000","43.0000","39.4000"
"2013/11/08","41.6500","27886590.0000","45.9300","46.9400","40.6850"
"2013/11/07","44.9000","117633000.0000","45.1000","50.0900","44.0000"
